rider_id,rider_name,hub_id
1,Rider_1,1
2,Rider_2,1
3,Rider_3,1
4,Rider_4,1
5,Rider_5,1
6,Rider_6,2
7,Rider_7,2
8,Rider_8,2
9,Rider_9,2
10,Rider_10,2
11,Rider_11,2
12,Rider_12,2
13,Rider_13,2
14,Rider_14,2
15,Rider_15,2
16,Rider_16,2
17,Rider_17,3
18,Rider_18,3
19,Rider_19,3
20,Rider_20,3
21,Rider_21,3
22,Rider_22,3
23,Rider_23,3
24,Rider_24,3
25,Rider_25,3
26,Rider_26,3
27,Rider_27,3
28,Rider_28,3
29,Rider_29,3
30,Rider_30,4
31,Rider_31,4
32,Rider_32,4
33,Rider_33,4
34,Rider_34,4
35,Rider_35,4
36,Rider_36,4
37,Rider_37,4
38,Rider_38,4
39,Rider_39,4
40,Rider_40,4
41,Rider_41,4
42,Rider_42,4
43,Rider_43,4
44,Rider_44,5
45,Rider_45,5
46,Rider_46,5
47,Rider_47,5
48,Rider_48,5
49,Rider_49,5
50,Rider_50,5
51,Rider_51,5
52,Rider_52,5
53,Rider_53,5
54,Rider_54,5
55,Rider_55,5
56,Rider_56,5
57,Rider_57,6
58,Rider_58,6
59,Rider_59,6
60,Rider_60,6
61,Rider_61,6
62,Rider_62,6
63,Rider_63,6
64,Rider_64,6
65,Rider_65,6
66,Rider_66,6
67,Rider_67,6
68,Rider_68,6
69,Rider_69,7
70,Rider_70,7
71,Rider_71,7
72,Rider_72,7
73,Rider_73,7
74,Rider_74,7
75,Rider_75,7
76,Rider_76,8
77,Rider_77,8
78,Rider_78,8
79,Rider_79,8
80,Rider_80,8
81,Rider_81,8
82,Rider_82,8
83,Rider_83,8
84,Rider_84,9
85,Rider_85,9
86,Rider_86,9
87,Rider_87,9
88,Rider_88,9
89,Rider_89,9
90,Rider_90,9
91,Rider_91,9
92,Rider_92,9
93,Rider_93,9
94,Rider_94,9
95,Rider_95,10
96,Rider_96,10
97,Rider_97,10
98,Rider_98,10
99,Rider_99,10
100,Rider_100,11
101,Rider_101,11
102,Rider_102,11
103,Rider_103,11
104,Rider_104,11
105,Rider_105,11
106,Rider_106,12
107,Rider_107,12
108,Rider_108,12
109,Rider_109,12
110,Rider_110,12
111,Rider_111,12
112,Rider_112,12
113,Rider_113,12
114,Rider_114,12
115,Rider_115,12
116,Rider_116,12
117,Rider_117,12
118,Rider_118,13
119,Rider_119,13
120,Rider_120,13
121,Rider_121,13
122,Rider_122,13
123,Rider_123,13
124,Rider_124,13
125,Rider_125,13
126,Rider_126,13
127,Rider_127,13
128,Rider_128,13
129,Rider_129,13
130,Rider_130,13
131,Rider_131,13
132,Rider_132,14
133,Rider_133,14
134,Rider_134,14
135,Rider_135,14
136,Rider_136,14
137,Rider_137,14
138,Rider_138,14
139,Rider_139,15
140,Rider_140,15
141,Rider_141,15
142,Rider_142,15
143,Rider_143,15
144,Rider_144,15
145,Rider_145,15
146,Rider_146,15
147,Rider_147,15
148,Rider_148,15
149,Rider_149,15
150,Rider_150,15
151,Rider_151,16
152,Rider_152,16
153,Rider_153,16
154,Rider_154,16
155,Rider_155,16
156,Rider_156,16
157,Rider_157,16
158,Rider_158,16
159,Rider_159,16
160,Rider_160,17
161,Rider_161,17
162,Rider_162,17
163,Rider_163,17
164,Rider_164,17
165,Rider_165,17
166,Rider_166,17
167,Rider_167,17
168,Rider_168,17
169,Rider_169,17
170,Rider_170,18
171,Rider_171,18
172,Rider_172,18
173,Rider_173,18
174,Rider_174,18
175,Rider_175,19
176,Rider_176,19
177,Rider_177,19
178,Rider_178,19
179,Rider_179,19
180,Rider_180,19
181,Rider_181,20
182,Rider_182,20
183,Rider_183,20
184,Rider_184,20
185,Rider_185,20
186,Rider_186,20
187,Rider_187,20
188,Rider_188,20
189,Rider_189,20
190,Rider_190,20
191,Rider_191,20
192,Rider_192,20
